#{"t_start": 1630829532.2864673, "env_id": null}
r,l,t
-1.5930971,1260,24.013373
-2.2663321,1283,50.0956
3.1917195,2518,98.769551
-1.0832027,3506,165.552669
-0.04133822,3493,231.8124
0.14451103,3380,296.871381
-0.91209286,3232,358.733755
-2.1680129,3264,420.87094
-1.7534704,3317,483.987943
-2.3476903,3218,545.197901
-2.6889713,3162,605.889426
0.22223538,3368,670.409395
-1.5885979,2804,724.64764
-0.64476234,2981,782.465368
-3.0001159,1850,818.394322
-3.0003521,2275,862.518295
0.6109032,3036,921.989581
-1.5174056,3021,981.551597
-3.0004375,1510,1010.731896
-1.5011662,2985,1069.606142
-3.0004137,2018,1109.115765
-1.5537528,2958,1167.844779
0.10388377,3009,1228.535834
-2.9114244,2870,1287.65918
-2.5161722,2906,1348.638363
-2.7392776,2586,1403.501465
0.88643366,2672,1461.12808
0.19894199,2354,1512.386216
-1.7567407,2220,1561.597602
-3.000194,1468,1593.362172
-3.0000634,2411,1646.784198
-3.000391,1749,1684.98743
-3.000578,2008,1728.974846
-2.4600925,2789,1791.198193
-1.7733104,2655,1867.25231
-3.0000484,1489,1906.404857
-3.000293,887,1932.430931
-2.5356567,2533,2004.028893
-0.308762,2569,2075.275926
-2.211545,2700,2165.810908
-1.2194808,2521,2251.065771
-1.6316258,2501,2336.435328
-2.8005002,2577,2419.328743
-3.000879,855,2446.944948
-2.26302,2635,2532.117746
-1.8466889,2608,2617.786287
-2.4847946,2604,2702.803334
-2.155616,2596,2787.767292
-0.48795807,2642,2873.267291
-1.4625444,2663,2960.317568
1.3064388,2420,3041.448897
-0.12570502,2421,3120.187588
-2.2969677,2218,3192.689471
-3.0002205,1146,3229.916067
-1.8093696,2222,3302.092809
1.0350134,2117,3371.614688
-2.266919,2037,3439.684185
-0.7520836,2211,3512.041512
-1.9198647,2083,3581.13845
-0.93819076,1925,3644.802045
-1.5074924,1956,3708.800256
-0.8729802,1809,3767.728928
-1.2642697,1829,3828.13232
-1.0772169,1858,3889.483352
-2.8099077,1769,3948.386229
-1.4890091,1876,4010.919394
-1.2631706,1772,4069.064424
-1.2994508,1909,4131.707498
-1.3317935,1800,4191.755922
-1.5917339,1873,4254.865524
-0.99929094,1844,4316.135145
-0.8735686,1921,4379.212065
-0.4244737,1795,4438.416879
-1.7159474,1808,4498.227934
-0.7112888,1786,4557.61469
-2.7193909,1801,4616.428719
-1.4094067,1839,4677.918039
-1.7167655,1894,4739.172037
-2.121496,1880,4791.658937
-1.5262772,1814,4842.063029
-1.6362942,1903,4905.093173
0.17508839,1827,4967.58758
-0.87127095,1860,5029.792587
0.06767419,1822,5091.777336
-1.6381342,1859,5152.165367
-1.033968,1783,5200.642567
1.0024549,1840,5251.13661
-0.55561876,1743,5298.385511
-0.42189407,1768,5346.39098
-1.9202727,1759,5395.044079
-0.71040094,1718,5441.709339
-2.2381759,1685,5487.51105
0.90343046,1662,5532.80707
-1.3683037,1604,5576.186193
-1.4900422,1617,5620.181962
-1.535788,1627,5664.365622
-1.2437377,1610,5707.879669
0.14535597,1602,5751.307763
0.54576856,1568,5793.999278
0.16097581,1581,5836.919663
-0.807008,1545,5879.229398
-1.1333698,1545,5921.280282
-1.2904422,1434,5960.344879
-0.86879283,1502,6001.19945
-0.57050383,1466,6040.973639
-2.051244,1482,6081.588371
-0.916462,1432,6120.840835
-1.1244339,1543,6162.884723
-0.36115748,1451,6202.446035
-0.7374287,1435,6241.67154
-0.35546243,1462,6281.663604
-0.9087812,1449,6321.603698
-2.033092,1396,6359.989685
-1.4005022,1416,6398.96833
0.11974294,1462,6438.962395
-0.9290771,1347,6475.867229
0.84374344,1352,6513.21881
-1.1259214,1375,6550.995144
-0.099562034,1290,6586.39684
-0.95471156,1296,6622.344225
-0.37595284,1304,6658.569451
-1.2823632,1290,6694.515834
-0.6509947,1333,6731.586574
-1.0761094,1397,6770.501257
-0.47221488,1360,6808.266599
-0.93119586,1367,6846.243819
0.5962266,1361,6883.920213
0.10293756,1336,6921.173846
-0.6002363,1290,6957.229169
-1.4140072,1293,6993.505365
-1.4186081,1307,7030.586122
-0.99185646,1311,7067.226086
0.93431073,1317,7104.183892
-1.0811961,1263,7139.824452
-1.3885788,1229,7174.305676
-0.90099174,1273,7210.151121
-1.9618392,1265,7245.843651
1.3253975,1319,7278.661203
-0.72994316,1265,7309.824309
-1.4993253,1301,7341.849946
-0.27942502,1310,7374.154416
0.03552296,1306,7406.385935
-0.29930076,1248,7437.352175
-1.7702208,1261,7468.585261
0.19296308,1287,7500.427999
-0.10245598,1245,7531.224338
-1.6836944,1225,7561.724846
-1.2145464,1221,7591.91653
-1.0188177,1258,7623.144623
-1.476616,1302,7655.418116
-1.300677,1224,7685.894634
-1.1590478,1216,7716.180265
-0.73137933,1204,7746.16407
-0.39406294,1222,7776.752528
0.98596346,1243,7807.635817
-1.2127845,1216,7837.874475
-1.4400442,1236,7868.625841
-1.3072472,1238,7899.361213
-1.7707293,1199,7929.345018
-1.6821858,1230,7959.799551
-0.45903736,1260,7991.255512
-1.0177188,1243,8021.972894
-1.7566916,1220,8052.287511
0.5558543,1252,8084.520024
0.5346083,1240,8115.538235
-0.9668805,1218,8145.838858
-0.2493265,1265,8177.135911
-0.40721187,1213,8207.248641
-0.5974627,1273,8238.822533
-0.4666991,1207,8268.947257
-0.8280488,1181,8298.52929
-1.2982023,1197,8328.531085
-0.5956307,1160,8357.251613
-1.0376506,1220,8389.228276
-1.7323831,1212,8419.396973
-1.2392433,1265,8451.264697
-0.58193105,1275,8482.743644
-1.5774082,1185,8512.27371
-0.77469146,1277,8543.99252
-1.1867205,1191,8573.768441
-0.18059067,1267,8605.635166
-0.17284441,1229,8637.174082
-0.84861094,1207,8667.209854
-1.2074003,1230,8697.92324
-1.2890259,1170,8727.819094
-1.4459687,1209,8758.135709
-1.6125191,1217,8788.613229
0.072891004,1201,8818.390152
-1.5448533,1193,8848.766732
0.21329,1221,8879.35319
-0.22178373,1272,8911.117974
-0.9897683,1191,8940.67902
0.37865594,1181,8970.156115
2.5088868,1281,9002.506564
-1.168001,1187,9031.933686
-0.5328896,1226,9062.489161
-0.86532897,1155,9091.118744
-0.007993906,1206,9121.910085
-1.5837576,1198,9151.71999
-1.304589,1211,9182.049594
-1.718307,1206,9212.262269
0.3470906,1194,9242.070173
-1.3761258,1204,9272.104949
-0.97317666,1218,9302.627444
-1.5224264,1171,9331.833693
-1.014452,1212,9362.439141
0.48132417,1224,9393.012608
-0.9490937,1212,9423.249267
-1.0172117,1200,9453.226075
0.9189212,1193,9482.903056
-0.857625,1234,9513.442542
-1.1269475,1214,9543.554273
0.45383295,1211,9574.916286
1.4749603,1196,9604.943066
-1.7626852,1204,9634.983837
-1.9400144,1146,9663.562449
-1.5162921,1175,9692.841657
-0.9518678,1160,9721.87001
-0.18195157,1197,9751.729884
-2.248202,1141,9780.077628
-1.012943,1148,9808.490332
-0.83481973,1182,9837.924452
-0.9791878,1196,9867.729359
-0.5686852,1211,9897.835093
-1.3373601,1166,9927.229236
-0.47851074,1188,9957.170068
-0.727059,1146,9985.493821
1.183135,1194,10015.466632
1.7143674,1162,10044.307092
-0.9851517,1177,10073.638292
-1.25967,1175,10102.900491
-1.1440933,1194,10132.609453
-0.8737687,1189,10162.295426
-2.0972407,1116,10190.342343
0.00086253136,1227,10221.607411
-1.6025158,1185,10251.130483
0.13948205,1137,10279.60915
-0.42312765,1180,10309.347114
-1.6591312,1229,10339.877604
-1.9599011,1146,10368.60211
-1.422874,1208,10404.900293
-1.9487737,1168,10442.873519
-1.6764293,1165,10480.498938
-1.9564015,1180,10521.904193
-0.6363725,1206,10563.875122
-0.71023136,1227,10601.862337
0.14306384,1187,10638.622255
-1.0846763,1204,10676.103759
0.45475015,1218,10712.725757
-2.4171882,1161,10746.707268
-0.066383995,1172,10782.411792
-0.3659215,1202,10817.038936
-1.368897,1224,10852.09483
-0.97403693,1188,10886.209265
-1.7032225,1216,10921.290146
-1.3860898,1174,10954.935852
-1.9712273,1269,10991.356964
-1.5775695,1207,11026.831618
-0.97478133,1199,11061.19791
-0.32024434,1169,11094.654721
-1.0870446,1164,11128.128528
-0.4131064,1144,11161.17857
-1.8775824,1187,11195.326986
-0.48687804,1145,11228.126178
-1.6922276,1193,11262.263598
-0.6475081,1237,11297.749247
-0.6302864,1207,11332.297434
-1.1888505,1142,11364.924724
0.107797086,1223,11399.933645
-1.180658,1195,11434.141028
-0.40690884,1226,11469.164942
-0.9773044,1169,11502.696711
-2.282203,1171,11536.193504
-0.7004262,1203,11570.473843
-1.7267618,1207,11605.129966
-0.899501,1196,11639.430295
-1.8233844,1172,11673.217917
-1.0243925,1215,11708.143889
-0.93329597,1280,11744.714915
-1.4012938,1276,11781.246963
-0.67420006,1283,11818.775441
-2.165821,1202,11853.154724
-1.2576879,1209,11887.735893
-0.5356923,1212,11922.239106
-1.7949722,1141,11954.926358
-2.286038,1163,11988.241254
-2.2367547,1197,12022.837411
-0.80836093,1220,12057.7314
-1.026315,1149,12090.644524
0.3047726,1166,12124.1673
-1.017871,1157,12157.150383
-0.56659883,1159,12190.300373
-1.5073953,1182,12223.953072
-0.6653189,1256,12259.680583
-0.56932724,1238,12295.10127
-1.9482313,1175,12328.875901
-1.5879563,1187,12362.638538
-0.7529084,1185,12396.667025
-1.2938914,1168,12430.431657
-0.5715748,1180,12464.230273
-0.5104954,1237,12499.540024
-0.41235963,1215,12534.067224
-1.6012076,1205,12568.485484
-1.9709573,1189,12602.574933
-1.9256272,1181,12639.733623
-0.7550637,1192,12682.701981
-1.3322527,1203,12717.103256
-1.440041,1204,12751.467544
-2.1699953,1133,12783.969904
-0.33125177,1102,12815.485854
-1.9306868,1118,12847.365551
-0.80978155,1170,12880.903337
0.8243393,1187,12914.411097
-0.8674661,1232,12950.576357
-1.9194944,1105,12982.474065
-0.7150535,1143,13015.022397
-2.062195,1158,13048.036487
-1.6685482,1166,13081.315379
-1.8884482,1141,13113.782758
-0.92257065,1200,13147.905188
-0.83359927,1166,13180.971225
-1.3687848,1189,13214.716872
-1.3856624,1192,13248.733364
1.1650934,1212,13283.227582
-1.9340769,1190,13317.122144
-1.8066609,1179,13350.605941
-2.1297233,1146,13383.263212
-1.537008,1179,13416.828962
-1.3250765,1194,13450.969384
-1.520104,1178,13484.342245
-0.78662664,1143,13516.775642
0.33852988,1143,13549.209042
-1.2667294,1211,13583.344467
-2.642042,1133,13615.460047
-1.6092713,1158,13648.462124
-1.5098448,1175,13681.967907
-0.89556265,1167,13715.228831
-0.91007674,1200,13749.343266
-1.0273821,1092,13780.395457
-0.97963256,1220,13815.128538
-1.3774323,1193,13849.028097
-1.4799474,1165,13883.194502
-2.3839755,1193,13917.491835
-1.3669033,1228,13952.713634
-1.7054203,1185,13998.305421
-1.3033694,1200,14045.161424
-1.1669254,1181,14089.633346
-1.8123167,1155,14134.107278
-2.0971823,1157,14177.787549
-1.8963823,1130,14220.488549
-1.3983991,1210,14268.306135
-1.040269,1171,14312.76837
-1.630423,1148,14354.945982
-0.90438753,1161,14398.936185
0.33833587,1232,14444.341277
-0.92780703,1162,14489.057097
0.035901584,1179,14530.173206
3.1197865,1204,14575.631212
-1.1778972,1219,14621.791613
2.3701587,1305,14671.263437
-0.82384694,1222,14718.07598
-0.70772,1236,14764.610388
-0.27465892,1324,14812.043295
-1.4767083,1170,14855.69722
0.7585127,1375,14906.586695
-0.531125,1346,14956.363587
-0.99115336,1303,15003.784912
1.1630205,1355,15053.78535
-0.55848116,1305,15101.255165
-0.08532307,1322,15146.899521
-1.4715285,1375,15195.151777
-0.04146333,1212,15230.080745
-0.5847733,1213,15264.859802
-1.0498629,1309,15302.358295
-0.29411405,1192,15336.546689
2.0720444,1344,15374.819739
-1.1207157,1258,15410.836084
-0.83873904,1302,15448.753337
-0.29859355,1324,15486.546664
-1.6855608,1258,15522.54102
1.9240514,1307,15559.893622
-1.2481762,1293,15596.780446
-0.6080346,1296,15633.641306
-1.0976967,1277,15670.055425
-1.612165,1269,15706.248665
-0.13618322,1274,15742.531856
-2.017081,1293,15779.624583
-0.25972933,1343,15817.697773
0.23844658,1214,15852.227947
-0.98642206,1299,15889.220732
-1.5588433,1318,15922.233799
-1.2825065,1261,15953.785703
-1.1821579,1318,15986.457966
-0.46578032,1323,16019.31912
-1.6126662,1318,16052.357172
-0.9458892,1318,16085.163358
-2.0594757,1158,16113.94885
-0.7558588,1273,16145.589706
-1.2769842,1262,16176.938725
-0.10818275,1251,16207.845999
-1.219021,1265,16239.14505
-0.32025683,1270,16271.07074
-2.393139,1345,16304.246714
-0.022660654,1399,16338.951811
-0.2765747,1298,16371.079386
-1.6599649,1214,16401.24109
-1.4690694,1368,16435.335536
-1.0066098,1236,16465.885017
-1.6677246,1233,16496.690348
-1.8979453,1241,16527.403734
-1.9382603,1244,16558.087159
-1.579991,1295,16590.042811
-2.34232,1297,16622.114419
-2.3657255,1357,16655.637193
-2.092449,1251,16686.499496
-1.015069,1256,16717.522703
-1.4938377,1181,16746.840888
-0.38881314,1275,16778.387795
-1.934416,1240,16808.901296
-1.9639928,1296,16840.782014
-2.284249,1251,16871.436433
-1.9836773,1183,16900.551736
-0.84409374,1224,16930.995276
-2.2377553,1245,16961.719657
-1.8046188,1227,16992.026275
-1.3860786,1204,17021.856168
-1.6148995,1217,17052.198767
-1.035881,1118,17079.992826
-2.2884777,1137,17108.342568
-1.6028584,1150,17136.842223
0.97323537,1209,17166.785051
-1.7411484,1216,17197.063686
-0.4703935,1249,17228.110883
-2.9223485,1169,17257.147229
0.47650257,1195,17286.8452
-1.7426281,1240,17317.525623
0.7562183,1187,17347.040676
-2.5157847,1169,17376.18796
-1.4714129,1207,17406.531559
0.9723982,1228,17437.051055
1.8850198,1217,17467.377664
0.025219752,1172,17496.758812
-1.4131774,1220,17526.993473
-2.3559072,1220,17557.568938
-1.7847391,1258,17588.723073
-1.1625975,1315,17621.196448
-1.4160684,1173,17650.273773
-1.9130242,1284,17681.952606
-1.1942244,1200,17711.758512
-1.7379175,1142,17740.623958
-2.1223722,1117,17768.494973
-2.28871,1294,17800.346706
-1.2260114,1162,17829.195162
-0.64994556,1178,17858.573314
-0.27555212,1249,17889.332674
-1.5704101,1138,17917.636442
-1.0178723,1238,17948.288862
-1.2203329,1165,17977.262245
-0.6029937,1196,18006.84428
-2.5974126,1209,18036.943021
-0.12013699,1201,18066.729937
-1.7971957,1230,18097.409341
-0.873237,1180,18126.796487
-0.9981594,1177,18156.086691
-1.8551496,1269,18187.665579
-1.0945103,1241,18218.47891
-1.1684299,1191,18248.061942
-0.12867475,1198,18277.788894
-2.323994,1240,18308.60722
-1.409729,1189,18338.107302
-1.782727,1194,18367.768291
-0.583533,1195,18397.332338
-0.92623675,1218,18427.679933
-1.6389314,1191,18457.477845
-1.6007332,1232,18488.196226
-1.5726211,1168,18517.368515
0.4363764,1220,18547.747074
-1.0531552,1218,18578.168627
-0.84972113,1209,18608.420279
-1.8209585,1178,18637.609538
-0.15381213,1196,18667.618328
-1.4855038,1167,18696.763613
-1.9972458,1169,18725.888911
-1.851626,1188,18755.368004
-1.8206531,1207,18785.344812
-1.3057102,1153,18814.082333
-1.8129394,1194,18843.702345
-2.2670207,1203,18873.804084
-2.0866027,1179,18903.27718
-1.3308567,1131,18931.601934
-2.4756598,1130,18959.976664
-1.9969198,1275,18991.605522
-1.9316595,1148,19020.202122
-2.3004556,1155,19049.622251
-2.6697788,1167,19078.915453
-2.4822211,1175,19108.430525
-1.7912323,1232,19139.167896
-1.8330206,1147,19167.872435
-0.94753194,1196,19197.750299
-0.8004493,1176,19227.155436
-2.0968804,1129,19255.385245
-2.0641472,1168,19284.763397
-1.3437171,1176,19314.252486
-1.3022172,1164,19343.263847
-2.51445,1168,19372.652996
-1.1534728,1219,19403.06955
-1.4794687,1182,19432.257809
-2.3585272,1187,19461.552011
-1.2167693,1236,19492.281386
-1.5969933,1191,19521.982353
-1.2517471,1207,19552.372924
-1.7147493,1267,19583.841878
-1.9020716,1208,19613.885647
-1.8929957,1227,19644.823904
-2.5879307,1212,19675.041577
-1.2644687,1256,19706.345621
-1.0555968,1269,19737.820571
-1.3140876,1189,19767.55152
-1.1122341,1193,19797.52433
-0.9438951,1221,19827.758991
-1.0630865,1223,19858.131572
-2.0997787,1136,19886.824119
-1.0376151,1232,19917.394588
-2.1066096,1209,19947.462342
-2.2213519,1268,19979.286091
-0.49344718,1255,20010.351276
-1.843025,1254,20041.351496
-2.5135667,1160,20070.352864
-2.2941008,1262,20101.722874
-0.579514,1190,20131.47781
-0.5497661,1248,20162.464039
-0.031295218,1214,20192.482824
-2.1027355,1164,20221.524168
-1.4194534,1190,20251.241125
-1.4845073,1178,20280.66825
-1.8449153,1270,20311.904335
-1.990996,1181,20341.239511
-1.8196555,1229,20371.888936
-0.7755278,1292,20404.155432
-1.9330033,1199,20434.23218
-1.9602602,1184,20463.839202
-2.0914774,1130,20492.092997
-2.3426263,1222,20522.746418
-1.9463296,1265,20554.141413
-0.76041925,1175,20583.646493
-0.88163155,1144,20612.472981
-2.0695677,1229,20643.226323
-2.2606428,1226,20673.912724
-1.8201987,1242,20704.508178
-1.429281,1212,20734.759829
0.42548993,1265,20766.164818
-1.4061123,1171,20795.516985
-0.7479576,1331,20828.752924
-0.47906366,1254,20859.958028
-1.9771018,1182,20889.704968
-1.3393598,1348,20922.943907
-1.7942245,1276,20954.5148
-2.2278323,1136,20982.992469
-1.5145893,1192,21012.730414
-2.5663164,1191,21042.377415
-0.82911557,1176,21071.994428
-1.6464989,1218,21102.390994
-1.102885,1247,21133.535136
-1.6694893,1255,21165.016078
-1.4770173,1214,21195.588548
-2.8527246,1194,21225.27552
-0.19061767,1227,21255.929941
-1.606622,1209,21286.275537
-2.8845613,1226,21316.916963
-1.7031679,1248,21347.92918
-1.2700099,1215,21378.351732
-1.4553171,1216,21408.85224
-1.2957761,1183,21438.536216
-1.5146142,1235,21469.408511
-1.9078637,1312,21502.127746
-2.4448268,1189,21531.995617
-2.4089124,1207,21562.334217
-1.534904,1238,21593.258483
0.54056436,1239,21624.306676
-0.9043688,1214,21654.590309
-1.9885454,1264,21686.267143
-1.6364201,1222,21716.973532
-1.2916452,1121,21745.066421
-1.5760796,1304,21777.776664
-0.3435966,1166,21807.133827
-2.038982,1210,21837.398471
-0.97013205,1200,21867.49421
-1.8375235,1228,21898.377498
-1.2797328,1196,21928.321326
-0.47375852,1307,21960.945617
0.02862223,1312,21993.610882
0.74832886,1327,22026.569981
-0.3616561,1300,22058.978394
-2.0940342,1144,22087.762887
-2.1755006,1163,22116.80623
-1.6268282,1287,22148.892828
-1.5558077,1349,22182.434592
-0.23463422,1217,22212.845152
-1.5412558,1361,22246.927606
-2.4809558,1319,22280.037619
1.0141383,1191,22309.733586
-1.6467524,1211,22339.866306
-0.966673,1263,22371.321266
-1.0797518,1283,22403.161006
-1.9257476,1285,22435.32756
0.21978046,1232,22466.132893
-2.2186308,1269,22497.994619
-2.275565,1202,22528.279251
-0.40271643,1297,22560.700657
-0.9891156,1162,22589.805966
1.5278821,1248,22621.027061
-0.23283628,1178,22651.292704
-0.79443926,1245,22682.56177
-1.9587796,1255,22714.055709
-2.2503843,1230,22745.141882
-1.462621,1267,22776.848698
-1.566834,1179,22806.537674
-1.1160411,1200,22836.659396
-1.3146693,1284,22868.719011
-1.2184194,1230,22899.2565
-1.2336044,1322,22932.294551
1.261974,1141,22961.013079
-1.3373841,1228,22991.797426
-0.9331984,1269,23023.340335
-1.718692,1265,23054.770311
0.6989598,1232,23085.73955
-1.3761482,1391,23120.609551
-1.1133995,1161,23149.980708
-0.8253992,1196,23180.027476
-2.5815156,1203,23210.306111
-1.3896055,1192,23240.236945
-1.4331807,1165,23269.852962
-2.6951258,1199,23299.983682
-1.8887293,1132,23328.368403
-1.4634198,1193,23358.166313
-2.8413243,1193,23387.761342
-2.2638876,1283,23419.895914
-1.1875039,1193,23449.696821
-3.000183,1201,23479.788567
-1.5150931,1363,23513.761082
-1.786067,1239,23544.5914
-0.49826676,1324,23577.610462
-2.1113355,1280,23609.58013
-0.54528767,1225,23640.10962
-2.267893,1248,23671.313725
-1.5162708,1287,23703.517256
-2.5746267,1244,23734.662395
-1.978014,1291,23766.798965
-2.6814475,1153,23795.61444
-1.2396733,1236,23826.603667
-0.15888429,1144,23855.260231
-1.3687294,1153,23884.100693
-0.8192289,1208,23914.281384
-2.1138852,1199,23944.292172
-1.5028272,1185,23974.929603
-0.63635164,1162,24004.025915
-2.0250294,1159,24033.968743
-1.6916075,1197,24064.277362
-1.921103,1191,24094.309138
-1.3304366,1167,24123.480409
-0.21472631,1217,24153.993909
-1.8315905,1183,24183.553956
-0.85638875,1272,24215.33573
0.44964594,1219,24245.816249
-1.7602103,1272,24277.546052
-0.99726146,1210,24308.066549
-0.095438965,1177,24337.333764
-1.4613862,1240,24368.174078
-2.2699227,1265,24399.684008
-1.0701835,1310,24432.176375
-0.99252933,1231,24462.791814
-1.3039491,1236,24493.648121
-1.7033958,1211,24523.909764
-1.6259041,1266,24555.268779
-2.161506,1229,24585.9202
-1.5948206,1155,24614.830621
-1.2878288,1332,24648.004595
-2.5006979,1349,24681.784226
-1.7313997,1364,24715.736751
-1.4833428,1305,24748.411012
-0.6555407,1177,24777.875118
-1.200775,1177,24807.204294
-1.2576528,1204,24837.141127
-1.7550318,1213,24867.505715
-1.0894533,1230,24898.288058
-0.40147793,1188,24928.002019
-0.8276007,1204,24958.438563
-1.1967407,1126,24986.69036
-1.5247811,1206,25016.750121
-2.0085564,1121,25045.061886
-1.9259491,1164,25074.595946
-1.027416,1168,25104.079038
-2.1788495,1209,25134.423635
-0.9682771,1215,25164.924144
-0.4051022,1245,25196.142241
-1.753168,1234,25227.104483
-1.2320784,1138,25255.757052
-1.2700564,1258,25287.332943
-2.3717568,1190,25317.334737
-1.8308148,1194,25347.381525
-0.9661323,1255,25378.919418
-2.0348632,1190,25408.909219
-1.0761966,1159,25438.158446
-2.2816925,1121,25466.333287
-1.1828842,1304,25498.991558
-1.2512311,1166,25528.319738
-1.8588367,1216,25558.957167
-1.0664862,1149,25587.98452
-1.9626908,1154,25616.980891
-0.95356834,1256,25648.790649
-0.99812603,1267,25680.781302
-0.7976913,1274,25712.742972
-1.2921513,1183,25742.52589
-0.69305265,1205,25772.839509
-1.1647819,1177,25802.529479
-0.9545433,1133,25830.981162
-1.1200315,1192,25861.0839
-1.4131376,1220,25891.926211
-1.7656307,1264,25923.618035
-1.2201198,1266,25955.567713
-0.73074436,1225,25986.294091
-1.2607881,1337,26019.853844
-0.78565496,1232,26050.834077
-0.6212973,1283,26083.032611
-2.6012857,1319,26116.091653
-2.0292857,1226,26146.987936
-1.7165896,1324,26180.130926
-1.233347,1122,26208.525641
-1.4756448,1257,26240.756158
-1.4683088,1227,26271.936279
-1.0795261,1235,26302.899519
-1.613223,1208,26333.336063
-0.39687964,1247,26364.807016
-1.9124961,1197,26395.074656
0.9750259,1142,26423.932107
-0.6225282,1273,26455.865792
-2.1398706,1205,26486.291345
-1.6752503,1177,26516.020294
-1.0332836,1237,26547.355323
0.48371926,1210,26577.975764
-0.57078516,1157,26607.13604
-1.0888425,1205,26637.612562
-1.290085,1196,26667.754277
-1.2709819,1205,26698.316747
-1.7067037,1174,26728.197611
-1.1891135,1241,26759.807484
-1.3525696,1139,26788.715904
-1.9309384,1239,26820.234829
-1.8658669,1164,26849.99676
-1.9730338,1238,26881.41974
-1.8048224,1165,26913.780183
-2.0506954,1136,26948.678167
-0.8491266,1173,26979.852288
-2.1500452,1209,27010.773558
-0.87467873,1153,27040.211672
-0.72273517,1169,27070.17349
0.47078344,1156,27099.685565
-1.2081304,1171,27129.72034
-1.9685241,1122,27158.379903
-0.6657292,1242,27189.825869
-0.95278835,1245,27222.144335
-1.973229,1135,27251.172687
-1.4602473,1186,27281.47231
-1.7241571,1221,27312.366595
-2.1606026,1266,27344.331261
-1.056167,1234,27375.896158
-0.8986741,1160,27405.322283
-2.118522,1194,27435.932728
-0.7751043,1254,27467.988345
-1.6113837,1210,27498.87563
-1.2543001,1242,27530.532476
-1.4561094,1193,27560.803116
-1.2601511,1144,27589.979383
-0.86252546,1212,27620.923635
-1.2299466,1237,27652.585478
-0.50914615,1338,27686.60097
-2.024716,1235,27717.980973
-2.1518633,1249,27749.626827
-1.0189884,1221,27780.612054
-1.3472092,1229,27812.168957
-1.7431097,1095,27840.295828
-1.6961436,1188,27870.920264
-1.131047,1271,27903.431618
-1.138728,1257,27935.468245
-1.3500985,1213,27966.492454
-1.0995992,1284,27998.974825
-1.2852008,1204,28029.72919
-0.78009176,1314,28063.042084
-2.8696117,1284,28095.866258
-2.0796463,1271,28128.250685
-1.8113471,1282,28160.835001
-0.90734637,1266,28193.116484
-0.30462974,1388,28228.387257
-0.48835012,1423,28264.563512
0.11244837,1298,28297.282746
-1.5526856,1196,28327.777257
-2.1536121,1401,28363.000057
-2.2118416,1427,28398.694587
-0.7154825,1404,28434.186232
-1.171832,1222,28465.517265
-1.4704216,1302,28498.687241
-1.0847224,1284,28531.560389
-0.70153785,1388,28567.141982
-0.14135894,1397,28602.688596
0.9499358,1504,28641.187517
0.6170698,1400,28677.076936
-0.46090427,1287,28709.911105
0.5732109,1329,28743.990561
0.23074146,1330,28777.475356
-0.96752214,1447,28814.574082
-1.6077455,1476,28851.940653
-1.9985387,1410,28887.564223
-0.90479386,1512,28925.9682
-1.3394223,1507,28964.152299
-2.4278123,1688,29007.006723
-0.731591,1448,29043.728663
-0.10788747,1534,29082.798256
-1.5653727,1585,29123.795744
-0.4375176,1697,29166.829063
-0.91001785,1607,29207.417786
-1.5546942,1759,29251.952245
-0.602532,1773,29296.754555
-0.9516302,1768,29341.10112
0.84678715,1796,29386.320188
-0.5149684,2029,29437.706717
-1.6504332,1995,29487.879942
2.4496574,2094,29540.358846
0.73199826,2346,29598.684396
3.9906836,2444,29659.704401
-2.2719603,2387,29720.09177
-0.59071547,2607,29785.375329
-1.1678985,2604,29850.353068
2.2912116,2415,29910.698457
5.279584,2793,29980.46045
-0.084478684,2770,30050.263416
1.2856815,2983,30124.458866
1.0143685,2857,30195.644044
1.142023,2975,30269.66859
-0.14553955,2946,30344.431712
0.5202656,2933,30418.251377
-0.54806596,3006,30493.609159
6.293475,3050,30569.970366
4.948617,3073,30647.528887
-1.8772651,3144,30726.095832
6.3196154,3088,30804.932616
-1.252652,3233,30885.771256
-2.7648177,3120,30964.40416
-1.5043663,3162,31043.559766
-0.98801565,3145,31122.423536
-0.673887,3246,31204.356548
3.944995,3279,31286.514431
1.4008386,3228,31367.235138
0.21601549,3239,31448.530516
-1.4962442,3308,31532.310469
-1.1502082,3311,31615.897533
-0.5115703,3258,31698.166351
-1.9409636,3344,31782.947727
-1.6296624,3332,31868.132878
2.0504284,3334,31952.505488
-0.27947238,3351,32037.359845
-2.1148481,3309,32122.286118
-3.0003717,2761,32192.48786
3.9577253,3331,32277.456129
0.41677853,3355,32363.2959
-0.31962642,3330,32449.082701
-2.5937705,3358,32535.199315
-1.2914199,3297,32619.889744
1.9476141,3382,32706.551046
2.9950426,3372,32793.427224
2.9999475,3397,32880.816104
6.934008,3398,32969.399302
-0.7549499,3380,33057.383842
0.5271464,3404,33145.193485
-2.1199346,3417,33233.338933
-1.6163341,3427,33322.489806
4.1282053,3402,33411.293876
1.6811543,3428,33499.801117
-0.9097747,3392,33588.231405
-1.9231055,3422,33677.757061
0.56535494,3421,33766.978893
-1.5544813,3441,33856.376623
4.4019637,3395,33945.392575
-2.1058357,3446,34035.731764
-1.6490138,3457,34126.768557
-0.7114961,3448,34217.547492
1.13604,3438,34308.027602
-1.6286557,3484,34401.116216
-1.536023,3422,34492.383874
2.9479873,3417,34582.015471
-1.05052,3446,34672.61951
-0.43436384,3455,34763.402467
0.20771265,3469,34855.709512
-0.7609761,3451,34947.063117
-1.7317708,3470,35038.510673
0.4352147,3486,35130.926673
-0.68331057,3476,35222.6001
-1.836128,3437,35313.515958
4.6283097,3475,35405.24735
4.76889,3463,35496.68891
0.82388407,3446,35587.746687
-0.9335012,3483,35680.156693
1.4606172,3474,35772.592678
4.5093904,3481,35865.431436
1.4415959,3490,35957.68855
1.6215433,3491,36050.485309
-0.5762903,3495,36143.408017
-2.9751015,3494,36235.820023
-1.1733111,3483,36328.828681
-0.28030175,3496,36421.59348
-1.5313168,3487,36514.156394
-1.9754138,3489,36606.705319
-1.0009688,3472,36699.187281
-3.0002697,3288,36785.856576
-0.25534102,3474,36877.765866
-1.7384204,3484,36970.099912
-0.45008573,3482,37062.640843
-2.5126312,3474,37155.207754
0.4240201,3478,37247.883605
-0.6938158,3481,37340.726359
-0.9003641,3483,37434.036847
-0.94067246,3484,37527.320349
0.304253,3457,37620.323011
-2.1548827,3477,37713.634498
0.15986419,3481,37806.887018
-0.2280013,3486,37900.517323
1.1021484,3482,37994.039687
0.59111977,3465,38089.074184
3.035623,3485,38182.961341
1.8549006,3495,38277.131334
-2.065835,3498,38371.992933
-0.46465987,3497,38466.674632
-0.5203364,3489,38561.006535
-1.3834008,3501,38656.102994
2.401477,3485,38750.389922
-1.45933,3494,38845.200549
0.49548328,3504,38940.155092
-1.663133,3482,39034.907752
4.6111135,3488,39129.411553
0.83262795,3496,39224.501022
-3.0004208,2654,39296.119947
-2.7462463,3494,39391.101476
-1.5874367,3513,39487.156388
2.2850785,3495,39581.990005
3.5391526,3508,39677.589178
0.4925805,3484,39772.850544
2.4497457,3494,39868.306799
-1.1274092,3495,39963.65012
-1.4999907,3497,40059.586105
-0.91748935,3506,40155.254236
-2.6618316,3485,40250.658525
-2.24,3501,40346.557524
-3.0008533,547,40361.290075
-3.0010583,957,40387.320147
3.0747745,3492,40483.009271
-0.5744352,3508,40579.43397
0.05839712,3517,40674.177637
-1.4684058,3480,40769.241118
3.562215,3476,40864.419532
-1.9802762,3463,40959.36708
0.023638317,3462,41054.262658
-0.6112126,3452,41148.781453
2.525162,3460,41243.76198
-3.0192063,83,41245.997699
-1.196465,3452,41340.951242
-0.7870318,3458,41435.982745
-3.000043,1840,41486.000057
-2.7700763,3474,41581.163484
-1.8333597,3479,41678.388723
-3.0002284,757,41698.806014
-2.7870145,3460,41793.611643
-3.0144284,89,41796.010269
1.7030774,3446,41890.471097
0.9404512,3435,41985.03786
3.6367562,3452,42079.963421
-3.000287,3242,42169.283218
-3.0002413,2616,42240.789189
-0.61949384,3445,42335.611808
-2.134712,3386,42428.900307
-0.8969365,3435,42523.615989
-2.187878,3450,42618.912357
0.6810711,3429,42713.493095
3.7272305,3426,42808.328708
-0.38746676,3412,42902.801527
1.1155066,3456,42998.846445
3.814602,3402,43093.580115
5.4495835,3458,43189.742966
1.0009491,3464,43285.886828
10.003165,602,43302.46832
2.0407782,3477,43399.095903
1.7076275,3429,43496.718923
-2.2176456,3386,43593.800243
0.3871702,3435,43692.374709
-3.0030184,498,43706.398666
-3.0006053,2312,43772.667661
2.2475135,3471,43872.625335
-2.0420969,3411,43970.696093
0.68286306,3462,44069.39449
-1.0704792,3409,44164.987668
-1.6273795,3446,44261.658228
-0.19147705,3447,44358.518678
1.0698639,3412,44458.802166
-0.30578327,3463,44564.284671
2.2018163,3436,44666.367129
0.49916643,3454,44788.235237
-1.4382565,3438,44886.486892
-1.5199041,3432,44983.387318
-1.5686382,3402,45079.734062
5.2033844,3421,45176.208734
1.6545804,3412,45273.634861
3.5984046,3463,45372.283288
-2.4644854,3432,45469.5575
1.0766283,3443,45567.220491
5.6564865,3402,45663.733141
10.00429,519,45678.38074
-0.9066745,3477,45776.959207
-0.97283435,3463,45875.759565
-1.294917,3450,45973.689382
-3.0345142,39,45974.800747
1.8791834,3444,46072.449745
2.4699254,3446,46170.445544
4.7371693,3437,46267.936632
2.5323298,3443,46366.098337
0.7010376,3436,46463.813298
0.85056704,3411,46561.12749
0.8659851,3465,46660.06275
3.21552,3426,46757.947614
2.3362126,3385,46854.305351
1.8764327,3353,46950.067434
10.000003,1909,47003.965525
3.156938,3389,47100.626087
3.5693095,3345,47196.054359
-1.8717761,3394,47292.941797
-0.6036394,3357,47388.878797
-2.6538656,3279,47482.356167
2.2813003,3376,47578.648942
0.5527723,3377,47674.906739
0.7731616,3399,47771.919102
-1.9842948,3350,47867.487295
2.079878,3358,47963.138439
2.0848234,3382,48059.323277
-1.9557621,3314,48153.415319
4.732036,3406,48250.417685
-0.074836254,3370,48346.453609
-0.24904913,3310,48440.694564
-1.9882852,3381,48539.036163
-0.5674089,3402,48636.11149
-0.84196484,3325,48730.819176
-2.1432357,3360,48835.179326
1.8040931,3371,48958.499548
-2.2147722,3337,49075.962247
0.7225733,3322,49192.290819
-0.92987597,3422,49311.097765
-1.2995367,3440,49431.890336
4.245267,3403,49546.411254
-0.70014095,3361,49657.71242
-3.0002327,2189,49730.972406
-2.399457,3337,49841.771862
4.9697423,3392,49954.297329
1.849931,3386,50066.325085
-1.6780051,3409,50179.412227
0.4620292,3345,50290.594463
2.0781384,3329,50402.437323
-2.222262,3332,50513.983352
0.8140907,3359,50612.873638
-2.8277647,3348,50709.735088
1.7711731,3392,50807.664925
4.030573,3314,50903.342054
-1.0994796,3286,50998.462504
3.855508,3325,51094.403483
-0.7154834,3287,51189.31605
-0.043698393,3228,51282.740473
0.8220686,3370,51380.310515
-0.13190041,3267,51474.712376
-1.2792273,3254,51569.535994
-3.00089,455,51582.772405
-1.4268688,3292,51678.296621
-3.000648,2100,51738.664
0.18693356,3212,51831.844561
-2.6181333,3219,51926.610213
-0.7108123,3292,52021.939542
4.7081094,3226,52116.056568
-3.0000477,2173,52179.060435
1.9542342,3261,52274.97143
-0.29349357,3182,52367.428406
-0.8950283,3206,52460.758881
-2.7896078,3230,52555.463568
2.6133382,3228,52649.452665
0.96639156,3227,52742.746163
-3.0002244,1865,52797.190938
-2.1295042,3210,52890.191602
-0.0132832695,3313,52985.839749
-0.8263612,3359,53083.561707
-2.3134856,3297,53179.17787
-0.34770957,3309,53274.806027
0.21691002,3328,53371.409626
6.900898,3293,53472.002936
-0.6589515,3282,53577.503432
-3.0000076,2468,53652.873207
-3.0002651,1888,53707.194055
-2.1610987,3153,53798.873478
-1.2884263,3254,53894.401691
0.32202798,3263,53989.0684
-3.000017,1217,54024.177265
-2.2248194,3271,54118.767019
1.7076176,3167,54210.439445
0.8664955,3292,54306.264489
-1.6519679,3252,54400.752304
3.8556466,3278,54496.375461
-0.7966541,3232,54590.111706
0.07839353,3152,54682.157916
-0.51232487,3205,54775.494388
-2.521597,3227,54869.487482
-3.0003424,2174,54932.10757
-3.0002582,414,54943.915798
-2.6619906,3337,55040.369482
10.004201,1001,55069.109
5.151752,3328,55165.806546
3.6411355,3079,55255.402162
1.5936418,3133,55346.506915
1.3757132,3294,55441.670338
1.7824354,2906,55525.741124
-2.3540928,2997,55612.310477
6.7951493,3119,55703.025452
2.8446095,3075,55792.292258
0.8485869,3034,55880.323771
1.2045825,2798,55961.786054
1.4954383,2509,56034.644269
1.547838,2508,56107.618419
5.210037,2758,56188.850832
0.4692037,2494,56261.566131
-1.5423204,2497,56334.487311
-1.1202118,2194,56398.847399
-1.4549869,2309,56466.146803
5.9387383,2357,56535.308141
-3.0009046,1031,56565.059078
-2.7752807,2463,56637.186714
0.8924707,2384,56706.821798
-2.3286412,2452,56778.355754
0.8515227,2519,56851.706686
-1.595866,2405,56922.366164
-1.4280422,2085,56985.905725
-0.53189,2050,57047.06265
0.15416571,1759,57098.711033
-2.1229482,2469,57170.191036
1.9746021,2395,57239.475302
0.09477599,1989,57297.829839
1.9095508,2483,57370.836966
0.68201315,2189,57435.319985
1.4470512,2121,57497.258464
2.470864,1982,57554.901406
-1.6589283,2125,57616.797908
0.14251013,1791,57669.558671
-1.2553705,1569,57716.210896
-0.0247506,1963,57773.784877
-2.4291184,1682,57823.528349
-1.2103981,2046,57883.770802
0.25109363,2350,57952.808208
2.7670674,2347,58022.149441
-2.8288515,2452,58093.871309
-0.28514165,2286,58160.869885
-1.9096826,2289,58228.13631
-0.9882662,2047,58288.155887
0.1407714,2349,58356.671597
-2.0343618,2427,58427.589923
5.6680083,2378,58497.245974
-1.5866477,2148,58560.555667
-0.700062,2599,58636.29523
-1.4437778,2400,58705.977269
1.4653194,2453,58777.491255
0.88814014,2586,58852.935988
-0.4206175,2532,58926.380867
-0.6051481,2622,59002.5222
-1.9106188,2715,59082.515326
0.62714046,2918,59168.38108
-1.7897872,2779,59249.527543
-0.80222267,2602,59325.889751
-0.3335819,2593,59401.505384
1.9137774,2965,59488.095726
4.368446,2709,59566.736625
2.9236567,2692,59644.867816
3.7432413,2641,59721.901638
3.3512692,2494,59794.033271
2.8871658,2393,59863.490439
0.024319267,2331,59931.078679
-1.9624269,2273,59997.084822
-1.6737168,2700,60075.061103
5.7831845,2610,60150.109063
1.0304226,2454,60220.500694
0.49419215,2285,60286.47086
0.8271041,2176,60349.798542
-0.5297655,2424,60419.733434
-1.8019791,2767,60499.273818
-2.0130138,2638,60575.74796
-2.1952002,2361,60644.977257
0.93794465,2508,60717.663574
-0.7485718,2683,60795.364013
-1.5874221,2285,60861.587032
-0.26858577,2440,60932.431405
1.1078042,2290,60998.937262
3.1147401,2547,61072.870862
1.1855558,2583,61147.928817
0.72988975,2518,61220.399254
-1.3575433,2226,61285.034186
-1.3314843,2316,61352.810318
2.910126,2255,61418.080886
0.09096252,2208,61481.967246
-1.0843563,2288,61548.25723
0.46706805,2218,61612.578343
0.7908401,2306,61678.921295
0.17000581,2196,61742.515822
2.900021,2053,61802.495425
1.5482305,2143,61864.954604
-0.5356782,1864,61919.237473
-1.4947951,2080,61979.147116
-0.069665104,2223,62043.289329
-1.197835,2026,62102.585323
4.1585054,2410,62172.668131
1.6271456,2421,62242.829894
-0.6260913,2204,62306.801207
6.825016,2373,62375.438843
3.1180012,2351,62443.44984
-0.3326578,2395,62513.02294
1.8958462,2464,62584.456972
-0.7825849,2289,62650.655008
-1.8547201,2716,62729.519778
-1.3693981,2041,62788.992671
0.17905125,2449,62860.7835
4.141333,2225,62926.220972
4.2903285,2451,62997.64301
0.2257209,2480,63070.33932
-0.9333576,2578,63145.021492
0.5701246,2525,63218.300465
3.7965822,2761,63298.472488
-0.27427375,2452,63369.710633
3.0191083,2625,63445.832976
-0.79057956,2597,63521.504579
3.2605588,2830,63603.603496
6.288369,2555,63679.068215
-1.6731806,2552,63753.43157
-0.9928338,2775,63834.26821
-0.6158295,2665,63911.603858
-0.77489007,2721,63991.05929
-1.8972405,2793,64072.05384
2.2098413,2555,64146.018421
0.12375499,2388,64215.52656
3.4315815,2537,64290.409614
1.5376018,2187,64353.976158
-0.82020915,2296,64420.649921
0.36236253,2107,64482.352535
2.9823954,2464,64554.073402
-0.22922508,2608,64629.986866
-0.90154046,2510,64702.989
-0.9415641,2235,64768.975158
-3.0000672,2064,64829.245592
-0.6700978,2266,64895.116815
-2.4377434,2263,64961.036011
1.108642,2539,65035.068553
-0.21668257,2654,65112.594113
1.2756387,2413,65182.918762
1.280132,2311,65250.442039
2.530533,2480,65323.228294
-0.2752535,2449,65395.206016
-0.78779185,2069,65456.370939
2.2972357,2309,65524.806692
1.9432604,2279,65591.633367
3.6724262,2352,65660.882652
2.752182,2542,65735.537857
-2.0855737,2453,65807.365646
1.3141141,2326,65875.491577
3.841869,2396,65945.930177
2.259752,2520,66019.846787
3.3695185,2282,66087.646903
3.2321637,2297,66155.078232
-0.05466481,2553,66229.674451
2.7906969,2650,66307.165011
4.8546205,2661,66385.33418
1.497172,2664,66463.347441
0.5967835,2430,66534.951375
0.18741181,2466,66607.261905
0.19826846,2382,66677.481637
0.96024317,2457,66749.918094
0.63542515,2609,66826.405228
-2.0108411,2677,66904.649355
1.9863688,2817,66987.071087
-0.5975092,2655,67064.374755
0.4657443,2367,67133.753965
3.4980018,2495,67207.686563
-2.0714288,2360,67276.740962
2.7374952,2577,67351.892863
-0.4510047,2519,67425.691538
0.10567952,2550,67500.323737
-0.3373497,2622,67576.79888
3.5089753,2696,67655.667649
-1.0445246,2631,67732.870372
0.33555695,2453,67805.107944
-1.7346659,2396,67876.203171
0.19390775,2709,67955.959432
-0.95308846,2490,68028.904598
0.9664655,2689,68107.917286
0.7852601,2744,68188.334166
2.52337,2601,68264.829317
1.1791931,2592,68341.52731
2.505782,2745,68422.235025
0.47730318,2707,68501.903336
-0.5471552,2728,68581.889464
2.2469056,2582,68657.716978
8.5444565,2917,68743.563743
-1.4411736,2804,68826.040444
-0.16356924,2555,68901.092402
-0.99853104,2509,68974.949044
-1.1645844,2648,69052.98829
1.2424898,2828,69136.702279
-1.2889389,2740,69217.259081
-0.72752964,2869,69301.609705
1.1710722,2763,69383.011023
2.4161046,2904,69468.452023
-0.6314684,2960,69555.398161
-2.4277723,2721,69635.614155
0.19105004,2757,69716.903557
1.3913136,3010,69805.742587
3.5518277,2955,69893.040523
-1.6637685,2970,69980.451392
-1.4953654,2965,70067.681367
0.54853386,2905,70153.805975
-0.23954569,2810,70236.95229
-2.0170217,2922,70323.480669
-1.5747955,3029,70412.982338
-1.1598157,2722,70493.546136
-1.3476102,2670,70572.847655
2.1386273,2998,70661.910577
1.5640641,2739,70743.208955
-1.23458,2942,70832.044006
-0.1326528,3094,70923.679453
-1.9159098,2947,71010.54164
-0.3863272,2974,71098.170385
2.270549,2861,71182.04728
-0.6280019,2833,71264.958731
-1.1807674,2870,71348.854617
-2.152365,3036,71437.320883
3.6281657,2932,71523.351545
-0.5372606,3176,71615.609634
2.0290706,3055,71704.203825
-1.6640974,3056,71793.102843
-3.1452277,11,71793.431654
-0.8726305,3170,71885.480867
3.4277503,3109,71976.034932
-1.4221044,3124,72066.610987
-1.6922778,3153,72157.943607
0.8664764,3067,72246.707701
1.1720816,3179,72338.993776
7.8104453,3113,72429.25901
-0.14634238,2963,72515.415599
2.5100384,2966,72601.733098
0.42841217,3085,72691.032884
-0.16074604,3089,72781.461023
-0.9843994,2954,72867.564643
3.3377395,3025,72955.321313
-0.39784336,2828,73037.68308
5.532766,2904,73122.449466
2.110713,2927,73207.757543
1.8720657,3116,73298.489508
0.9602809,3068,73388.209055
0.67129904,3044,73477.088081
3.2770774,2948,73564.088187
0.90890133,3108,73654.866126
1.5777254,3098,73745.725019
1.706263,3092,73836.493984
2.1419506,3118,73927.448822
-1.3185496,3075,74017.153356
-0.5838308,3050,74106.309227
3.0422864,2915,74191.622298
5.648746,3030,74280.529331
2.7187304,3214,74374.706301
2.8601322,3202,74468.621441
1.9437106,3171,74561.623125
-1.1337883,3033,74650.685029
-1.5877306,3024,74739.570052
0.9506821,3009,74827.742486
2.6244907,2967,74916.204753
2.3485808,3079,75006.731835
0.40740478,2963,75093.995791
5.3048882,2970,75182.735901
5.3743863,3028,75271.755847
1.7830826,2832,75356.149447
1.4078879,2891,75443.121568
-0.76232976,3034,75533.395798
3.470213,3072,75625.03724
1.3395278,2789,75707.524933
4.451279,2825,75790.749204
2.4302683,2770,75872.601262
2.7601538,2735,75953.533848
2.545987,2821,76036.501267
3.7324815,2830,76120.373166
6.04455,2773,76202.215232
3.583516,2645,76280.291454
0.53641176,2508,76354.761745
3.203487,2622,76432.6091
-0.11964359,2620,76510.146635
3.9932191,2493,76583.796396
0.13473164,2383,76654.347935
1.0506164,2397,76725.431167
-1.830868,2447,76798.037527
1.4576292,2149,76861.515123
-0.49016783,2213,76927.074526
2.1877217,2230,76993.315536
4.24078,2282,77060.96474
5.574229,2426,77133.266275
3.0720508,2447,77206.217438
1.1456524,2092,77268.534699
1.9678125,2145,77333.081681
0.24034525,2200,77398.89594
6.1377006,2256,77466.545141
1.5261395,2279,77534.657079
0.43810412,2117,77597.902807
1.718717,1942,77655.827588
-0.20487906,1950,77713.928267
-1.5644984,1988,77773.258243
1.658871,2012,77833.354778
-0.6969311,2063,77895.021413
1.6763651,1952,77953.439908
-0.15258394,1963,78011.929364
4.656856,2077,78073.807877
0.33161008,1976,78132.974946
0.38107646,2051,78194.339756
1.7768643,1973,78253.677724
1.8154033,2136,78317.864915
6.2661858,2018,78378.32024
4.1279197,2090,78440.912344
-1.4154125,1809,78495.364116
-0.12675564,1859,78551.332019
0.23208885,2072,78613.553335
7.602748,2204,78679.798343
1.3888171,2036,78740.862324
1.7317518,2084,78804.587777
2.3600326,1965,78863.639912
4.603528,1881,78920.133514
0.08011835,1825,78975.716636
2.9141803,1885,79061.996365
0.023591988,1752,79135.627619
4.338476,1845,79210.416242
2.2587302,1870,79292.934921
4.8651485,1901,79377.352355
0.82297224,1811,79456.70052
0.7556186,1730,79532.522455
1.3452686,1767,79609.690572
0.63735586,1652,79682.342878
2.2102554,1658,79753.449306
2.8725536,1675,79824.866588
0.39530456,1715,79897.818413
2.6260562,1767,79972.20688
0.7595478,1732,80047.524724
3.0989327,1674,80121.41073
1.2974296,1669,80194.187163
-1.2640901,1688,80268.775207
-1.1619387,1659,80343.983054
0.86161053,1680,80417.520117
2.477691,1662,80489.065201
1.2130822,1625,80559.229422
-0.8675429,1653,80631.149698
0.7704005,1636,80703.461676
-0.80647075,1700,80777.769864
2.6526413,1637,80846.422468
3.2770257,1722,80920.375391
1.0282024,1638,80988.808598
2.5329494,1668,81048.833909
-0.9815689,1709,81108.743553
5.307984,1689,81167.821669
1.4420843,1777,81230.517715
-1.4737872,1750,81291.69463
-0.14505452,1676,81350.797733
0.86985713,1802,81414.270331
-1.7028202,1713,81475.138426
1.921739,1734,81536.113455
-0.5701911,1724,81597.322353
-2.2213552,1711,81657.178027
-0.99087554,1769,81719.288407
-0.63191515,1819,81783.349666
0.9752858,1893,81849.596673
-1.2844378,1866,81908.273024
0.9767525,2012,81968.945227
3.0790353,2033,82030.042188
1.1874105,2105,82093.30191
2.4783528,1995,82153.262523
1.0053793,2140,82217.661589
0.63548326,2144,82282.007688
4.0661907,2130,82346.192877
1.596052,2103,82410.224155
-0.27080423,2074,82472.547413
1.2534683,1969,82531.89138
0.47082874,2045,82593.605987
1.1384919,2048,82655.175678
4.1171317,2040,82716.611444
3.3201962,2085,82779.533358
0.51387393,2095,82842.069495
2.806621,2070,82903.930017
4.2717943,2102,82966.948877
0.093598954,2090,83029.571964
3.799908,1996,83089.457618
2.455292,2118,83152.868251
0.6984999,2000,83212.708934
0.67646563,1984,83272.396705
1.0432805,1967,83331.134018
1.9416084,1950,83389.918304
-0.8862254,1992,83449.588083
1.9124647,2065,83511.484587
-0.96860325,2041,83572.56156
-0.439065,2021,83632.984905
1.7150233,2004,83692.951516
-1.3000983,1939,83751.034205
-1.5545868,2004,83811.302642
3.8947892,2006,83871.547091
0.38262165,2047,83933.003847
1.9416057,2118,83996.079673
1.660876,2137,84060.13096
0.9939909,2107,84123.571556
0.5536087,2125,84189.314855
-0.3608666,2058,84251.130403
2.4217782,2087,84314.049318
1.51514,2054,84375.446106
0.6759933,2049,84437.04878
1.273398,2097,84499.979687
2.0518172,2041,84562.140039
1.3787874,2066,84625.378772
1.0137849,2073,84687.73601
0.76373124,2145,84752.00615
0.26662222,2083,84814.104539
-0.028118752,2099,84876.936504
-0.22269523,2116,84940.277178
-0.009009489,2058,85001.82788
1.0547006,2105,85065.231518
1.0436723,2135,85129.226816
-1.1832689,2174,85194.525367
-0.30590695,2150,85258.978404
1.5876185,2172,85324.007111
2.129982,2149,85388.302238
-0.12147576,2262,85456.064375
0.1680629,2119,85519.813815
-0.7579529,2221,85586.356654
0.18985365,2227,85653.693038
-0.6629082,2225,85720.322825
-1.1943744,2213,85788.116944
0.59763664,2138,85852.289143
-0.15165818,2217,85919.227753
0.0043678777,2223,85986.110397
-0.73465484,2189,86053.034021
0.3327667,2157,86118.666378
-0.684013,2164,86184.559586
-0.038992915,2127,86248.857712
2.1503744,2197,86315.044754
-0.21759869,2064,86377.435972
0.45823458,2146,86443.000371
-0.99194044,2133,86507.127595
-1.0441651,2157,86572.075347
1.1656595,2094,86635.196147
-0.7174553,2103,86699.024541
-1.0423683,2168,86764.238142
-0.267172,2091,86827.123078
-0.72582227,2073,86889.670208
-0.5435224,2193,86956.216044
0.4948636,2165,87022.100504
-1.5342988,2177,87087.758849
-0.5245621,2251,87155.363077
-0.2141652,2230,87222.375647
-0.78858906,2189,87288.098957
-1.151891,2238,87354.965607
1.0907568,2299,87424.021003
-1.2150908,2213,87490.613812
0.18072255,2192,87556.687918
-0.3139089,2151,87621.539728
0.471103,2210,87688.289446
0.79191923,2246,87755.948643
-1.2621409,2289,87825.074002
-2.3956342,2207,87891.61884
-0.7548291,2207,87958.697367
-0.16757219,2207,88025.378128
-0.62117374,2316,88094.974213
0.21465614,2235,88162.51248
-1.2298872,2219,88229.880845
1.9678466,2230,88296.921397
-0.25238937,2246,88363.877999
-0.14534397,2170,88429.167554
1.4645894,2256,88497.201538
0.55385256,2263,88565.433407
0.63110816,2228,88632.473962
1.689773,2222,88699.438557
-0.5331634,2259,88766.73496
0.020693835,2210,88832.666149
0.47692686,2204,88898.979119
-1.2740248,2351,88969.727545
-0.90131,2428,89042.988531
0.17275079,2368,89114.354602
-1.327938,2345,89185.06405
1.2117745,2302,89254.42727
-1.0389091,2413,89326.310046
-0.5892609,2333,89396.344882
-0.31668082,2309,89465.912986
5.546017,2316,89535.741939
2.481452,2269,89603.764927
3.1076052,2391,89677.744499
0.3797904,2338,89747.934247
0.07567346,2231,89815.072764
2.149416,2421,89888.029901
-0.8806151,2335,89958.140693
2.2658548,2343,90029.16996
-0.06570637,2369,90101.121694
-0.6681951,2310,90170.485915
-0.75524706,2274,90239.357417
-0.7784172,2236,90306.864702
0.5326808,2292,90375.539316
4.4713387,2246,90443.200513
0.0661498,2230,90510.851716
0.5757325,2414,90583.606991
4.4378314,2263,90651.865844
4.0119815,2116,90715.407404
0.5233951,2163,90780.832883
1.7388052,2187,90846.0145
5.3116827,2175,90911.327044
1.3251175,2253,90979.119165
0.70587355,2272,91047.766797
1.1825805,2200,91113.950841
0.4560697,2206,91180.366751
0.5898548,2174,91245.698284
-0.37253693,2265,91314.046086
0.7664359,2285,91382.658737
1.9641502,2159,91446.932875
0.9307746,2206,91512.771118
0.17224652,2328,91582.533109
1.2811223,2316,91651.818374
-0.47931153,2233,91718.857928
1.764128,2119,91782.757281
4.061348,2199,91849.252146
0.87816006,2206,91915.653066
1.2575042,2157,91980.177061
-0.73585075,2237,92047.607393
-0.69213855,2248,92115.29757
-0.11395208,2178,92180.847977
3.7892427,2147,92245.305011
4.187464,2070,92307.339435
1.4697931,2013,92368.044621
1.0816743,2037,92429.311484
1.2993633,2055,92491.037086
4.5121083,2105,92554.488696
1.5900694,2103,92617.609496
3.3540819,2162,92682.739146
-1.208329,2130,92746.820396
2.1963294,2068,92809.176634
0.5821639,1962,92867.970916
1.1571051,2086,92931.011762
1.7708148,2215,92997.71051
1.6869596,2051,93059.379143
-0.61344826,1976,93118.418284
-0.32934362,2004,93178.297964
-0.62370485,2033,93238.716293
-0.7776036,2034,93300.173048
-1.4159992,1973,93359.079266
2.6056826,1991,93418.552158
-0.7199455,2088,93480.842436
2.3159,2093,93543.510495
3.8697329,2020,93604.49452
2.9774382,2047,93665.855333
3.4464264,2123,93729.309939
2.379785,1948,93787.451595
-1.7661612,2006,93847.318262
-0.3041985,1920,93904.712346
0.37467366,1965,93963.211797
-1.0454136,2016,94023.165414
-1.9429572,2121,94086.738956
-0.5444868,2043,94148.350621
0.6389262,2068,94210.110202
0.89320797,2154,94274.396336
-0.41362673,2177,94339.283121
-0.0379461,2046,94400.534996
1.1170752,2069,94462.271588
1.2144943,2076,94525.492332
-0.6474268,1995,94585.051175
0.2217505,2046,94646.29705
0.7509852,2146,94710.164422
-0.6626573,2177,94775.052209
3.5239878,2181,94839.84605
0.7111643,2276,94907.500252
0.51536125,2300,94989.31533
-1.3422029,2129,95065.064888
-0.40291077,2182,95143.044168
-0.082524456,2154,95217.980192
-0.2293912,2160,95293.143089
-0.43696716,2098,95367.180628
1.5068059,2087,95441.003288
-0.9182895,2072,95513.79954
-1.1913785,2085,95586.433885
-0.036249112,1935,95654.065098
0.032841023,2076,95726.72143
0.5365072,2176,95802.654885
5.1117086,2154,95877.971689
0.95326096,2193,95954.60374
1.2165833,2255,96034.211086
0.6760678,2089,96106.996344
1.8714159,2165,96182.449072
0.61847,2175,96258.277584
1.1517149,2109,96331.46861
3.7689114,2105,96404.991444
1.9457052,2157,96479.869502
-0.1974437,2172,96555.579083
-0.007479883,2308,96635.774093
3.294139,2205,96713.290636
0.89713097,2170,96788.304616
1.4127479,2168,96863.237643
-0.3424014,2061,96936.945371
-1.2793388,2026,97007.607846
0.7600583,2147,97082.321998
0.37966084,2241,97160.039427
3.154114,2211,97237.272134
2.139706,2279,97316.923455
0.33272597,2235,97395.192567
-1.4026183,2165,97470.221539
0.4587952,2150,97545.117585
0.972382,2086,97617.675975
0.22852387,2127,97691.543612
0.05169275,2031,97762.308028
4.7668004,2145,97836.651393
-0.8649514,2109,97909.92637
-0.32419282,2122,97983.383241
-0.74009913,2080,98055.617816
-1.6930577,2016,98125.662649
3.167221,2106,98198.57683
1.8561248,2164,98273.494865
1.060322,2132,98348.767695
-0.14190711,2118,98422.270542
-1.0815762,2078,98494.568079
-1.4380021,2063,98566.288949
-1.0394964,2048,98637.528092
-2.3213959,2069,98705.768956
0.28943428,2203,98771.519248
0.045944337,2163,98836.098212
-0.1625778,2221,98902.648046
-1.091911,2229,98969.447737
-1.1085175,2266,99037.987429
-0.88242054,2326,99107.478576
0.7919692,2289,99176.181179
5.541506,2235,99243.189748
-1.0176537,2295,99311.761422
2.231237,2290,99380.079243
1.2266192,2274,99448.427043
1.7371371,2261,99516.007287
0.018060954,2168,99581.328825
1.528373,2173,99646.508446
0.32822028,2282,99715.010159
2.2082133,2175,99780.946346
0.79031056,2202,99858.330993
1.4120235,2159,99933.982585
0.06760178,2120,100021.87418
4.205069,1979,100083.319978
2.298175,2134,100154.544676
1.6865685,2150,100234.978547
-0.38174394,2067,100324.713264
0.70634604,2052,100406.319153
3.3194366,2140,100491.796858
2.975296,2005,100578.490779
-0.047927324,2174,100669.417695
0.059251748,2156,100764.261435
0.64123863,2178,100864.121348
0.51126474,2117,100960.054553
-0.11367643,2103,101055.311102
0.23999451,2071,101150.891485
-1.1947722,2078,101244.933541
-0.9139343,2148,101341.801291
-1.6724029,2228,101442.875824
0.29970753,2267,101544.898331
-0.30492815,2161,101642.929264
0.08583451,2180,101741.930841
1.2108219,2284,101846.176157
2.085263,2287,101950.666151
-1.018562,2290,102055.963028
1.0948608,2483,102171.171451
-0.9133101,2434,102283.560739
-0.17404068,2356,102392.144955
0.8640303,2429,102504.353309
1.430664,2496,102620.856464
-0.5257688,2288,102726.745964
1.5819803,2515,102841.518222
-1.207999,2602,102960.18216
1.0738317,2595,103080.18649
0.6491341,2628,103199.501197
2.1778238,2687,103322.276265
0.10210539,2767,103449.285263
0.98039883,2773,103571.114777
4.110658,2830,103697.944973
2.8628392,2882,103825.595137
2.4104111,2993,103958.580869
3.577474,3090,104083.842157
0.49971518,3023,104191.332513
2.1126082,2983,104303.328483
-1.2217054,2934,104434.067898
2.5478823,3030,104569.011921
-1.9299281,3145,104708.416045
-0.30520472,3128,104850.100577
-2.2861705,2928,104982.464206
-2.5616503,3185,105124.206764
-1.491807,3205,105254.253043
-0.43152577,3097,105380.993323
1.3363717,3162,105508.269186
-0.81813467,2771,105619.092982
3.1057453,2963,105737.395784
-0.0509838,2985,105855.51344
0.56720525,2728,105964.911371
0.8419354,2990,106089.415241
-0.18941085,3098,106222.018905
-2.7462878,2920,106345.07113
-0.702069,2927,106470.028532
-1.277431,2729,106588.351274
-1.9734172,2687,106704.278616
-0.3714028,2504,106812.62702
-0.79107505,2469,106921.267315
0.74029773,2581,107033.575783
0.6374208,2597,107146.375757
2.7761562,2430,107252.797645
-0.24053317,2511,107362.09881
1.6630608,2558,107458.198319
1.3131492,2137,107547.688866
2.0436053,2622,107642.296257
-1.3736867,2382,107727.042655
5.126965,2556,107818.951946
0.7354777,2446,107909.8798
0.5792829,2386,107982.203322
-0.8506616,2438,108057.02741
-1.5626066,2157,108134.280106
-2.0297644,2164,108211.370894
-1.7886984,2292,108292.886146
-1.6514595,2226,108367.935107
0.29602048,2210,108436.518774
-0.48175162,2244,108505.663119
2.0264442,2326,108577.995637
-0.0076407385,2381,108651.367558
-1.2647247,2380,108724.455644
-1.3575488,2652,108806.036855
2.1980677,2225,108874.232745
-0.46404615,2292,108944.680345
0.6886971,2283,109015.118949
0.73351437,2170,109082.409357
-0.71628815,2239,109151.83654
-1.5409439,2173,109218.649226
0.99773884,2080,109283.420079
-0.9969275,2032,109346.633825
0.12670949,1906,109405.622995
0.8651312,2064,109469.668265
4.7727213,1992,109531.955543
-1.516748,1841,109589.550515
3.143931,2056,109653.571796
0.98723847,2078,109717.946878
-1.7877051,1975,109779.212742
-0.40794244,2029,109842.177634
-0.16635594,1987,109903.306576
-3.0007138,1997,109976.327372
0.2385605,1888,110044.462297
3.736716,1885,110112.263412
-0.41815254,1953,110183.348645
1.2296772,1878,110251.358644
0.49615496,1956,110321.989135
3.3930428,1916,110391.725144
-0.40822896,1855,110460.949443
-2.2184458,1825,110528.092936
-2.0235465,1891,110597.76298
5.2428727,1961,110669.631766
-1.8082899,1802,110735.88377
1.3607612,1918,110808.056378
-0.6365013,1877,110877.784388
-0.010664658,1731,110941.761698
4.496955,1714,111005.506141
1.6949831,1840,111072.027991
-0.69512475,1715,111134.882943
0.8421588,1692,111195.995897
-1.800803,1680,111256.726067
2.6121852,1644,111309.223959
2.6361825,1836,111366.293232
-1.7016022,1785,111421.763419
-0.39405537,1827,111478.925637
0.8395362,1788,111534.559731
4.8366957,1763,111589.525208
1.4886377,2028,111652.55406
1.3127155,1943,111712.600625
1.9583873,1833,111769.336087
0.81130725,1808,111825.271009
1.0531279,1779,111880.353418
0.36718792,1738,111933.987661
-0.32018504,1758,111988.670299
0.59022665,1852,112045.944452
-1.6608411,1720,112099.222899
-0.92815435,1886,112157.761326
1.048909,1894,112216.470657
0.55893743,1917,112275.603744
3.1800802,1923,112334.963701
4.053296,1931,112394.23371
0.78128904,1826,112451.388931
4.85435,1892,112509.80743
-1.4461219,1910,112568.918528
-0.34437868,1872,112626.925261
-0.54322,1846,112683.899588
-1.3335568,1708,112736.525406
1.1521437,1899,112794.920917
3.0781887,1775,112849.430656
4.346291,1812,112905.542478
0.64687896,1889,112964.193841
-0.62316674,1785,113019.599065
3.213598,1928,113079.314818
1.912491,1928,113139.005585
-0.044614445,1926,113198.620396
1.9326323,1988,113259.997197
0.29233214,1907,113319.849872
4.0126734,1990,113381.558482
-0.58319455,1936,113441.873893
0.55271864,1941,113502.052379
-0.8988047,1875,113560.601801
0.565754,1834,113617.173359
0.71849614,1844,113674.736346
6.1344166,1948,113735.011777
0.8534065,1879,113793.169425
0.7308736,1807,113849.522107
0.419511,2084,113914.691733
-1.2011997,1896,113973.654916
-0.28537095,1785,114029.171078
-0.22641845,1831,114086.123416
3.3231986,1810,114142.293203
0.5757575,1795,114202.6416
5.8438087,1925,114271.488111
4.662918,1864,114329.682757
3.1758063,1667,114382.040711
1.731156,1883,114441.817428
0.89952976,1756,114497.806317
-0.44538605,1864,114561.077154
0.74993813,1875,114629.244059
-1.1689779,1947,114710.731871
-0.6829887,1815,114782.637632
3.028014,2021,114848.422904
0.53953433,1835,114912.275285
1.3768721,1924,114988.50057
1.1363499,1907,115061.276833
1.1617084,1920,115131.865351
2.7782633,1953,115202.389929
4.7478657,1949,115272.571657
0.49422985,1898,115340.53268
4.2115445,1861,115408.110925
0.9419053,1935,115477.39519
0.9703252,1880,115544.999423
3.4585524,1830,115610.753711
1.8119321,1773,115674.609089
1.3059735,1952,115749.083599
3.507608,1758,115812.061481
-1.7731695,1749,115877.10518
2.2322567,1685,115943.214268
0.90633744,1843,116007.277527
-1.5393519,1826,116065.726006
-2.3521454,1821,116125.664632
2.5991902,1809,116184.731758
3.669536,1885,116245.041169
2.188451,1809,116303.115864
2.7817745,1798,116363.147947
1.0509557,1880,116436.549849
4.309525,1799,116505.701192
-0.14507788,1591,116568.434216
-0.59593093,1791,116640.133097
1.2333956,1772,116711.241316
-1.3046266,1782,116779.995885
0.2430304,1808,116847.349257
0.5255193,1822,116915.561138
-2.6774416,1808,116983.671077
4.1131744,1884,117056.139517
-0.75760525,1859,117126.0914
0.2760227,1811,117194.909932
7.3921995,1953,117267.78021
2.4241703,1966,117338.805478
-0.5327041,1853,117406.27978
1.5036175,1944,117476.407562
-2.8990233,1912,117546.901135
0.03343119,1908,117615.911558
1.7911397,1946,117686.377145
3.1910925,1962,117756.8997
-1.6061368,1889,117824.785771
1.66391,1998,117896.490646
-0.54747,1864,117964.174829
7.5432167,2057,118038.162397
7.3372536,1984,118109.310595
1.0548843,1972,118180.030036
4.4039373,1904,118248.348857
4.7829394,1981,118320.340569
0.58105606,2075,118394.884818
1.3398666,2055,118468.976328
4.557714,1969,118540.113531
0.8981455,1907,118609.692627
1.6543031,2002,118681.884226
1.2389574,1944,118751.963037
5.1881447,2044,118825.45189
1.1280924,2050,118900.072096
0.54401416,1999,118972.295676
2.6342144,1958,119042.620344
1.5080665,2042,119116.191154
-0.27828786,2029,119189.974838
1.7888399,2184,119268.52279
0.78790754,2055,119343.326891
-0.38084227,2058,119417.92311
4.062227,2133,119495.781457
1.8231454,2017,119569.278308
